a_SPF_14, trifft eher nicht zu,trifft gar nicht zu,trifft sehr gut zu,trifft zu,weder noch
a_CRF_Rauchen_aktuell_Zigaretten_Beginn, 12,15 (unterbrochen zw. 33. u. 58. LJ.),16,17,18,20,28
a_AESD_S_12_Eingabe, trifft etwas zu,trifft gar nicht zu,trifft sehr zu,trifft ziemlich zu
a_PSQI_7, dreimal oder häufiger pro Woche,ein- oder zweimal pro Woche,weniger als einmal pro Woche,während der letzten 4 Wochen gar nicht
a_Scopa_AUT_12, Katheter,häufig,manchmal,nie/nicht zutreffend,regelmäßig
a_SPF_27, trifft eher nicht zu,trifft gar nicht zu,trifft sehr gut zu,trifft zu,weder noch
a_Genetik_GBA_exons_8bis11, Mutation nachweisbar,keine Mutation
a_CRF_UKPDSBB_Kritierien_bestimmt, BM,EL,SW,TW
a_AESD_S_15, trifft etwas zu,trifft gar nicht zu,trifft sehr zu,trifft ziemlich zu
a_CRF_koffeinhaltige_Soda_aenderungen_gestiegen_reduziert, gestiegen,gesunken
a_SASS_2, gar keine Freude,sehr viel Freude,wenig Freude,ziemlich viel Freude
a_NPI_C_Belastung, minimal,mäßig,sehr,ziemlich,überhaupt nicht
a_Sniffin_Sticks_Identifikation9_welches, Möhren,Sauerkraut,Zwiebel
a_SPF_6, trifft eher nicht zu,trifft gar nicht zu,trifft sehr gut zu,trifft zu,weder noch
a_AESD_S_4, trifft etwas zu,trifft gar nicht zu,trifft sehr zu,trifft ziemlich zu
a_SASS_10, bereichernd,sehr bereichernd,wenig bereichernd
a_L_Dopa_test_Anmerkungen, 2. L-Dopa-Test mit 250 mg Isicom am 09.10.09 war positiv (-31,7 %),Test nicht auswertbar, da der Patientin übel wurde,nach 120 min. 13 und 50% Besserung,negativ,negativ, begleitet von erheblicher Übelkeit,negativ; Test wurde mit 150mg Madopar durchgeführt,negativ; nach 120 Reduktionvon 14  auf 8 auf 42,9 => damit positiv,negativ; nach 120min. auf ""6"" gesunken=> negativ,nicht durchgeführt,positiv,positiv (Untersuchung nach 120Min.),positiv, leichte Benommenheit,positv
a_AESD_S_3_Eingabe, trifft etwas zu,trifft gar nicht zu,trifft sehr zu,trifft ziemlich zu
a_NPI_D_Belastung, gering,minimal,mäßig,sehr,ziemlich,überhaupt nicht
a_NPI_C_Haeufigkeit, häufig,manchmal,sehr häufig,selten
a_MCI_domain, multiple domain,single domain
a_MRT_txt_Uni_Muenster, T1 andere Sequenz, Qualität nicht ausreichend,T1 beschädigt,andere T1 (FFE), aber Qualität gut,andere T1, beschädigt,evtl. andere T1-Sequenz, aber Qualität gut,kein BL-MRT,kein BL-MRT wegen HSM,keine T1 wg. Abbruch; andere FLAIR
a_AESD_I_8, trifft etwas zu,trifft gar nicht zu,trifft sehr zu,trifft ziemlich zu
a_Sniffin_Sticks_Identifikation8_welches, Gummi,Menthol,Senf,Terpentin
a_NPI_L_Haeufigkeit, häufig,manchmal,sehr häufig,selten
a_Scopa_AUT_15, häufig,manchmal,nie/nicht zutreffend,regelmäßig
a_MCI_executive_function_domain, diese Domäne ist betroffen,diese Domäne ist nicht betroffen
a_Sniffin_Sticks_Identifikation12_welches, Gewürzn.,Pfeffer,Senf,Zimt
a_Scopa_AUT_6, häufig,manchmal,nie/nicht zutreffend,regelmäßig
a_CRF_Risikofakt_Schwermetallverg_welche, Amalgam,Arsen->im Blut wurde 2010 ein erhöhter Wert gefunden,Elterliche Obstplantage wurde 1945+1946 mit Arsennikotin gespritzt, Patient hatte tagelang Kreislaufprobleme und Übelkeit,Metallverarb. Betrieb (Kupfer, Stahl), Quecksilber -4 Jahre, Amalgamproben,Vd.a. Asbestose durch Reparatur von Nachtspeicheröfen 1970-1999 (Quecksilber),hat Thermometer hergestellt, dadurch viel Kontakt zu Quecksilber (Hg) gehabt, aber KEINE Vergiftung bekannt,keine Vergiftung aber Kontakt mit Hg (Beizmittel)
a_NPI_A_Haeufigkeit, manchmal,selten
a_CRF_UKPDSBB_step3_gutes_Ansprechen_auf_L_Dopa, ja,nein + nicht anwendbar
a_NPI_C_Schwere, deutlich,leicht,mäßig
a_PDSS_3, manchmal,niemals,oft,sehr oft,selten
a_ESS_5, geringe Wahrscheinlichkeit einzunicken,hohe Wahrscheinlichkeit einzunicken,mittlere Wahrscheinlichkeit einzunicken,niemals einnicken
a_SASS_7, einigen Menschen,sehr vielen Menschen,vielen Menschen
a_AESD_S_10, trifft etwas zu,trifft gar nicht zu,trifft ziemlich zu
a_PSQI_10d, weniger als einmal pro Woche,während der letzten 4 Wochen gar nicht
a_PSQI_10, ja,ja, aber der Partner schläft im anderen Zimmer,nein, Partner schläft im selben Zimmer, aber im anderen Bett,nein, Partner schäft im selben Bett
a_SASS_14, häufig,nie,sehr häufig,selten
a_SASS_20, absolut,kaum,ziemlich
a_DATScan1_extern_intern, extern
a_Genetik_Parkin, Ex2del,Ex2dupl,Ex3del,Ex6del
a_AESD_S_18_Eingabe, trifft etwas zu,trifft gar nicht zu,trifft sehr zu,trifft ziemlich zu
a_Scopa_AUT_17, häufig,manchmal,nie/nicht zutreffend,regelmäßig
a_DATScan_extern_intern, extern,intern
a_AESD_S_7, trifft etwas zu,trifft gar nicht zu,trifft sehr zu,trifft ziemlich zu
a_ESS_7, geringe Wahrscheinlichkeit einzunicken,hohe Wahrscheinlichkeit einzunicken,mittlere Wahrscheinlichkeit einzunicken,niemals einnicken
a_SASS_11, häufig,sehr häufig,selten
a_night_relevant_SDB, CPAP,SDB,nicht vorhanden
a_CRF_Risikofakt_Pesitizide_Herbizide_kontin_Konfr_landw_Subst, E605, Cu, S, Metasixtor, Sixtoruden,Lindan, Tamuna,Stomp, Phenikan, Cecocel (CCC),U46 und andere,diverse Pestizide,diverse Pflanzenschutzmittel,keine Angabe,u.a. Simazin, Lehazit,,u.a.U46 Lindah; Tribunil, Stomp, Metasystox, E605,unterschiedliche Substanzen,verschiedene Herbizide, Fungizide, Pestizide
a_AESD_I_14_Eingabe, trifft etwas zu,trifft gar nicht zu,trifft sehr zu,trifft ziemlich zu
a_CRF_Risikofakt_Pesitizide_Herbizide_kontin_Konfr_Gart_Haeuf, 2-5mal pro Jahr,6-11 mal pro Jahr,einmal pro Jahr,monatlich oder mehr pro Jahr
a_CRF_Risikofakt_Pesitizide_Herbizide_kontin_Konfr_andere_Typ, 1,Forschung/Entwicklung,Im Rahmen seiner Tätigkeit als Hausmeister bei einer Firma (Wege und Grünflächen bespritzt),kontinuierlich beruflich im Pflanzenschutzmittel-Handel,kontinuierlich beruflich in Landschaftsplanung,occupational exposure in pesticide/herbicide store
a_PDQ_39_19, häufig,manchmal,niemals,selten
a_Scopa_AUT_7, manchmal,nie/nicht zutreffend
a_NEVHI_IIIR_1i_welche, 1 x als Kind,1974 bei langer Autofahrt ""Elefanten gesehen"" unter Übermüdungsbedingungen /Stress; einmalige visuelle Halluzination/sehr kurze Zeit (erschien nicht real),1998-1999 Verfolgungswahn wg. psych. Überforderung ; Schuldgefühle wg. Suizid der Mutter,Unter alkoholeinfluss Vögel fliegen sehen/ vor Jahren,eine Woche vor der stat. Aufnahme: Figur (Kobold) im Wald wahrgenommen; vertraute Stimme, die Dinge gerufen hat,einmal Engel gesehen im 09.2010 (als Unterstützung),in der Peripherie, als ob ein Objekt vorbeiflöge,seit einigen Monaten; insg. 2-3x; in Einschlaf-/Aufwachphase; Personen am Fenster/ an der Wand stehend; Frau mit Handtasche, fremde Personen; Familie sind friedlich u. nicht interagierend; meist im Halbdunkel; vor dem Hintergrund  von sich bewegenden Blä,toten Ehemann nach dem Tod im Bett sitzen gesehen (einmaliges Erlebnis vor ~1 Jahr),vor 2 Jahren opt. Halluz.:""Dame stand im Zimmer"" ; lt. Arzt Einfluss des Medikaments => 1maliges Ereignis
a_CRF_Risikofakt_Pesitizide_Herbizide_kontin_Konfr_andere_Haeuf, einml pro Jahr
a_PSQI_10b, dreimal oder häufiger pro Woche,ein- oder zweimal pro Woche,weniger als einmal pro Woche,während der letzten 4 Wochen gar nicht
a_AESD_S_16, trifft etwas zu,trifft gar nicht zu,trifft sehr zu,trifft ziemlich zu
a_AESD_S_6_Eingabe, trifft etwas zu,trifft gar nicht zu,trifft sehr zu,trifft ziemlich zu
a_Sniffin_Sticks_Identifikation1_welches, Ananas,Brombeere,Erdbeere,Orange
a_CRF_Welche_Anzeichen, NPH (Gangstörung),PSP(Blickparese)
a_AESD_S_13, trifft etwas zu,trifft sehr zu,trifft ziemlich zu
a_PDQ_39_11, häufig,manchmal,niemals,selten
a_PDSS_12, manchmal,niemals,oft,selten
a_CRF_koffeinhaltiger_Tee_aenderung_gestiegen_reduziert, gestiegen,gesunken
a_NPI_D_Haeufigkeit, häufig,manchmal,sehr häufig,selten
a_PDQ_39_12, häufig,manchmal,niemals,selten
a_MCI_group, MCI,kein MCI
a_PDQ_39_26, häufig,immer,manchmal,niemals,selten
a_NPI_G_Haeufigkeit, häufig,manchmal,sehr häufig,selten
a_AESD_S_16_Eingabe, trifft etwas zu,trifft gar nicht zu,trifft sehr zu,trifft ziemlich zu
a_PDQ_39_17, häufig,manchmal,niemals,selten
a_AESD_I_11, trifft etwas zu,trifft gar nicht zu,trifft sehr zu,trifft ziemlich zu
a_Scopa_AUT_1, häufig,manchmal,nie/nicht zutreffend,regelmäßig
a_CRF_koffeinhaltige_Soda_aenderungenletzten10Jahre, gestiegen,nein
a_MCI_amnestic_domain, amnestic + non-amnestic domain,amnestic domain,non-amnestic domain
a_AESD_S_12, trifft etwas zu,trifft gar nicht zu,trifft sehr zu,trifft ziemlich zu
a_SPF_2, trifft eher nicht zu,trifft gar nicht zu,trifft sehr gut zu,trifft zu,weder noch
a_CSF_Beschaffenheit, artif. blutig,blutig,klar,trübe
a_AESD_I_8_Eingabe, trifft etwas zu,trifft gar nicht zu,trifft sehr zu,trifft ziemlich zu
a_CRF_Bildung, Abitur,Hauptschule/Volksschule,Hochschulabschluss,Realschule/mittlere Reife
a_PDQ_39_4, häufig,immer,manchmal,niemals,selten
a_Gruppe, Kontrollgruppe,Neuro-Kontrollen,Patient mit Parkinson,ausgeschlossene Probanden
a_CRF_Ethnische_Herkunft, andere,deutsch
a_Scopa_AUT_24, häufig,manchmal,nie, nicht zutreffend,regelmäßig
a_CRF_UKPDSBB_step3_L_Dopa_induz_Chorea, nein + nicht anwendbar
a_Scopa_AUT_10, Katheter,häufig,manchmal,nie/nicht zutreffend,regelmäßig
a_NPI_L_Schwere, deutlich,leicht,mäßig
a_SASS_4, gut,mäßig,sehr gut,unbefriedigend
a_AESD_I_16_Eingabe, trifft etwas zu,trifft gar nicht zu,trifft sehr zu,trifft ziemlich zu
a_Sniffin_Sticks_Identifikation16_welches, Brot,Käse,Schinken
a_PDQ_39_25, häufig,immer,manchmal,niemals,selten
a_AESD_I_4_Eingabe, trifft etwas zu,trifft gar nicht zu,trifft sehr zu,trifft ziemlich zu
a_AESD_S_15_Eingabe, trifft etwas zu,trifft gar nicht zu,trifft sehr zu,trifft ziemlich zu
a_DATScan_Seitenbetonung, linksbetont,rechtsbetont,seitengleich
a_NPI_J_Belastung, mäßig,überhaupt nicht
a_AESD_S_5, trifft etwas zu,trifft gar nicht zu,trifft sehr zu,trifft ziemlich zu
a_CRF_UKPDSBB_clinical_course_fuer10Jahre, nein + nicht anwendbar
a_Sniffin_Sticks_Identifikation4_welches, Fichte,Schnittlauch,Zwiebel
a_SASS_5, häufig,nie,sehr häufig,selten
a_AESD_S_14, trifft etwas zu,trifft gar nicht zu,trifft sehr zu,trifft ziemlich zu
a_MDS_UPDRS_3b, On
a_Genetik_Parkin_welches, Ex2del,Ex2dupl,Ex3del,Ex6del
a_NPI_G_Belastung, gering,minimal,mäßig,sehr,ziemlich
a_AESD_I_9_Eingabe, trifft etwas zu,trifft gar nicht zu,trifft sehr zu,trifft ziemlich zu
a_Scopa_AUT_22, häufig,manchmal,nie/nicht zutreffend,regelmäßig
a_PSQI_5c, dreimal oder häufiger pro Woche,ein- oder zweimal pro Woche,weniger als einmal pro Woche,während der letzten 4 Wochen gar nicht
a_Diagnose_bei_Ambulanztermin, G 20.00/ G47.0; G47.3 => siehe PSG Befund,G20.00,G20.00, G25.0,G20.10,G25.0, G20.10,V.a. G20.00,V.a.G20.10,v.a.G20.00
a_AESD_I_1_Eingabe, trifft etwas zu,trifft gar nicht zu,trifft sehr zu,trifft ziemlich zu
a_CRF_Risikofakt_weitere, Bruder hat MS,Schwefelwasserstoffverbindungen, Haarsalon 1965-2009
a_AESD_I_5, trifft etwas zu,trifft gar nicht zu,trifft sehr zu,trifft ziemlich zu
a_NPI_D_Schwere, deutlich,leicht,mäßig
a_Scopa_AUT_20, häufig,manchmal,nie/nicht zutreffend,regelmäßig
a_NPI_F_Haeufigkeit, selten
a_PSQI_5i, dreimal oder häufiger pro Woche,ein- oder zweimal pro Woche,weniger als einmal pro Woche,während der letzten 4 Wochen gar nicht
a_NPI_J_Schwere, leicht,mäßig
a_PDQ_39_20, häufig,manchmal,niemals,selten
a_CRF_Risikofakt_Pesitizide_Herbizide_kontin_Konfr_andere_Subst, Continousoccupational exposure; Reinigung von Schuttkästen mit Pestiziden, die von Unkraut zugewachsen waren,U46, Dioxin, Aretit, Phosphodiesterverbindungen, E605, Sulfonylharnstoffe u.a. (bis 80er Jahre sorgloser Umgang) (auf Karate intensive Hautreaktion)
a_NEVHI_IIIR_1iv_welche, 1x Licht hat sich verdunkelt; wie Tintenfisch der eine Wolke ausstößt (durch cholesterintabletten),Beim Autofahren wirklte der Raum ""ganz unendlich"" 10 Min. lang; 1x vor vielen Jahren,Doppelbilder vorm Einschlafen horizontal, V.a grauer Star wurde nicht bestätigt,Farben, die vor den Augen vorbeiziehen, von rechts nach links, Schleier vor den Augen; in Behandlung beim Augenarzt, Beginn eines Grauen Stars,Manchmal, als ob Schatten ""huschen"" , nur Sek. lang,gelbe Jacken gesehen
a_Scopa_AUT_25, häufig,manchmal,nie, nicht zutreffend
a_NPI_H_Belastung, sehr,ziemlich
a_AESD_I_7, trifft etwas zu,trifft gar nicht zu,trifft sehr zu,trifft ziemlich zu
a_AESD_I_16, trifft etwas zu,trifft gar nicht zu,trifft sehr zu,trifft ziemlich zu
a_NPI_B_Haeufigkeit, selten
a_CSF_Oku002eIgG, Kein oligoklonales IgG nachweisbar.,oligoklonales IgG nachweisbar.
a_AESD_I_6_Eingabe, trifft etwas zu,trifft gar nicht zu,trifft sehr zu,trifft ziemlich zu
a_AESD_S_2, trifft etwas zu,trifft gar nicht zu,trifft sehr zu,trifft ziemlich zu
a_AESD_I_18_Eingabe, trifft etwas zu,trifft gar nicht zu,trifft sehr zu,trifft ziemlich zu
a_PSQI_10a, dreimal oder häufiger pro Woche,ein- oder zweimal pro Woche,weniger als einmal pro Woche,während der letzten 4 Wochen gar nicht
a_AESD_I_12_Eingabe, trifft etwas zu,trifft gar nicht zu,trifft sehr zu,trifft ziemlich zu
a_PDSS_13, manchmal,niemals,oft,sehr oft,selten
a_NPI_H_Schwere, deutlich,leicht
a_Scopa_AUT_18, häufig,manchmal,nie/nicht zutreffend,regelmäßig
a_AESD_S_8_Eingabe, trifft etwas zu,trifft gar nicht zu,trifft sehr zu,trifft ziemlich zu
a_PDSS_15, manchmal,niemals,oft,sehr oft,selten
a_PSQI_5d, dreimal oder häufiger pro Woche,ein- oder zweimal pro Woche,weniger als einmal pro Woche,während der letzten 4 Wochen gar nicht
a_CRF_UKPDSBB_L_Dopa_Antw_fuer5Jahre, nein + nicht anwendbar
a_BPI_1, alleinstehend,getrennt/geschieden,verheiratet,verwitwet
b_Gruppe, Einschluss als Kontroll-Person- nun auffälig,Kontroll-Person,Patient mit IPS,drop-out bei BL,kein IPS,lost FU1
a_NPI_A_Belastung, sehr
a_Genetik_H0_H1_in_TAU, H1/H1,H1/H2,H2/H2
a_AESD_I_10_Eingabe, trifft etwas zu,trifft gar nicht zu,trifft sehr zu,trifft ziemlich zu
a_SASS_1A, gar nicht,mäßig,sehr,wenig
a_Sniffin_Sticks_Identifikation3_welches, Honig,Schokolade,Vanille
a_NPI_K_Haeufigkeit, häufig,sehr häufig,selten
a_AESD_S_3, trifft etwas zu,trifft gar nicht zu,trifft sehr zu,trifft ziemlich zu
a_PDQ_39_10, häufig,immer,manchmal,niemals,selten
a_Scopa_AUT_5, häufig,manchmal,nie/nicht zutreffend,regelmäßig
a_PDSS_7, manchmal,niemals,selten
a_PDQ_39_7, häufig,immer,manchmal,niemals,selten
a_NPI_B_Belastung, minimal
a_Scopa_AUT_3, häufig,manchmal,nie/nicht zutreffend
a_Sniffin_Sticks_Identifikation7_welches, Gummibär,Kaugummi,Kekse,Lakritz
a_NPI_E_Belastung, gering,minimal,mäßig,sehr,ziemlich,überhaupt nicht
a_Scopa_AUT_23, häufig,manchmal,nie, nicht zutreffend,regelmäßig
a_CRF_Familienmitglied_Alzheimer_wer, aunt -maternal,aunt -paternal,father,grandmother,great-grandmother-paternal,mother,sister,uncle
a_PSQI_10c, ein- oder zweimal pro Woche,weniger als einmal pro Woche,während der letzten 4 Wochen gar nicht
a_PSQI_5e, dreimal oder häufiger pro Woche,ein- oder zweimal pro Woche,weniger als einmal pro Woche,während der letzten 4 Wochen gar nicht
a_AESD_I_10, trifft etwas zu,trifft gar nicht zu,trifft sehr zu,trifft ziemlich zu
a_Sniffin_Sticks_Identifikation6_welches, Apfel,Grapefruit,Pfirsich
a_SPF_25, trifft eher nicht zu,trifft gar nicht zu,trifft sehr gut zu,trifft zu,weder noch
a_H_Diagnosen, H18.7,H25.9,H40.1,H40.9,H49.0,H54.0; H53.9; H33.2
a_SASS_3, kein Interesse,mäßiges Interesse,sehr großes Interesse,wenig Interesse
a_AESD_I_3, trifft etwas zu,trifft gar nicht zu,trifft sehr zu,trifft ziemlich zu
a_Sniffin_Sticks_Identifikation5_welches, Kirsche,Kokos,Walnuß
a_AESD_S_14_Eingabe, trifft etwas zu,trifft gar nicht zu,trifft sehr zu,trifft ziemlich zu
a_AESD_I_15_Eingabe, trifft etwas zu,trifft gar nicht zu,trifft sehr zu,trifft ziemlich zu
a_Genetik_GBA_exons_8bis11_welche, T369M, benign polymorphism,p.E388K (pathogenicity uncertain, e.g. previously identified in Portuguese controls,p.L444P,p.N370S,p.T369M (polymorphism),p.T369T(silent)
a_AESD_S_1, trifft etwas zu,trifft gar nicht zu,trifft sehr zu,trifft ziemlich zu
a_SPF_20, trifft eher nicht zu,trifft gar nicht zu,trifft sehr gut zu,trifft zu,weder noch
a_PSQI_5j, dreimal oder häufiger pro Woche,ein- oder zweimal pro Woche,weniger als einmal pro Woche,während der letzten 4 Wochen gar nicht
a_CRF_Alkohol_Konsumaenderungletzten10Jahre, gestiegen,gesunken,nein
a_Scopa_AUT_26b_welche, 1x1 Tamsulosin AL 0,4mg,Detrusitol, Furosemid,Finisterin (Prostata Adenem),Manchmal Restharn-Gefühl,Spasmese,Tamsulosin,Tamsulosin 0,4 mg,Tamsulosin-Sandoz 0,4mg,Tamulosin-Sandoz 0,4mg,Wassertabl.,manchmal
a_PDQ_39_1, häufig,immer,manchmal,niemals,selten
a_PDQ_39_18, häufig,manchmal,niemals,selten
a_AESD_I_2, trifft etwas zu,trifft gar nicht zu,trifft sehr zu,trifft ziemlich zu
a_NPI_J_Haeufigkeit, manchmal
a_Sniffin_Sticks_Identifikation2_welches, Gras,Klebstoff,Rauch,Schuhleder
a_AESD_I_18, trifft etwas zu,trifft gar nicht zu,trifft sehr zu,trifft ziemlich zu
a_CRF_koffeinhaltiger_Kaffee_aenderungletzten10Jahre, gestiegen,nein
a_night_RBD, RBD,kein RBD
a_ESS_4, geringe Wahrscheinlichkeit einzunicken,hohe Wahrscheinlichkeit einzunicken,mittlere Wahrscheinlichkeit einzunicken,niemals einnicken
a_PSQI_5g, dreimal oder häufiger pro Woche,ein- oder zweimal pro Woche,weniger als einmal pro Woche,während der letzten 4 Wochen gar nicht
a_Scopa_AUT_2, häufig,manchmal,nie/nicht zutreffend,regelmäßig
a_MCI_visuospatial_domain, diese Domäne ist betroffen,diese Domäne ist nicht betroffen
a_NPI_F_Belastung, gering
a_AESD_I_5_Eingabe, trifft etwas zu,trifft gar nicht zu,trifft sehr zu,trifft ziemlich zu
a_Sniffin_Sticks_Identifikation13_welches, Ananas,Birne,Pfirsich,Pflaume
a_SASS_17, häufig,immer,manchmal,nie
a_SASS_15, gar nicht,mäßig,sehr,wenig
a_PSQI_8, weniger als einmal pro Woche,während der letzten 4 Wochen gar nicht
a_PDSS_5, manchmal,niemals,oft,sehr oft,selten
a_SPF_34, trifft eher nicht zu,trifft gar nicht zu,trifft sehr gut zu,trifft zu,weder noch
a_PSQI_5b, dreimal oder häufiger pro Woche,ein- oder zweimal pro Woche,weniger als einmal pro Woche,während der letzten 4 Wochen gar nicht
A_CRFQ1, fen (25mg Campher; 973mg Weißdornbeerenextrakt) bei Bedarf seit 2009; ASS100mg 1x1 seit 2004,g Chlortalidon nach Bedarf); Lacophtal Augentropfen (20mg/ml Povidon) 3x1; Movicol Pulver nach,utel 3-4 xpro Woche seit 01.2010; Ibuprofen bei Bedarf seit 1970; Zocor 40mg 1x1 seit 2009
a_Sniffin_Sticks_neu_eigene_Geruchsberwertung, erhöht,unauffällig,vermindert
a_CRF_Risikofakt_Pesitizide_Herbizide_kontin_Konfr_Manuf_Haeufig, einml pro Jahr
a_SPF_28, trifft eher nicht zu,trifft gar nicht zu,trifft sehr gut zu,trifft zu,weder noch
a_BPI_8, ja,weiß nicht
a_AESD_I_2_Eingabe, trifft etwas zu,trifft gar nicht zu,trifft sehr zu,trifft ziemlich zu
a_PDQ_39_3, häufig,immer,manchmal,niemals,selten
a_AESD_I_12, trifft etwas zu,trifft gar nicht zu,trifft sehr zu,trifft ziemlich zu
a_NEVHI_IIIR_1iii_welche, 1 x nach dem Tod des Vaters; gestorbener Vater streicht über Kopf,2 x Gefühl, jemand hätte in der Ecke gestanden. Beim Hinwenden sei der Eindruck verschwunden,Bei lebhaften Träumen erwachen und Gefühl, jemand sei da. Pat. schlage dann um sich; seit 2006 nach LWS-OP/Narkose; damals postoperativ halluziniert 4 T.,Gefühl, dass Oma (seit ca. 47J. tot) sei ganz nahe; öfters; keine optischen Erfahrungen dabei,einmalig, 1978 aus dem Schlaf aufgewacht mit Gefühl, der gerade eben verstorbene Vater säße am Bett,in Kinderjahren,kein Kommentar eingefügt,siehe 1i,vor 2 Jahren opt. Halluz.:""Dame stand im Zimmer"" ; lt. Arzt Einfluss des Medikaments => 1maliges Ereignis
a_AESD_I_13_Eingabe, trifft etwas zu,trifft gar nicht zu,trifft sehr zu,trifft ziemlich zu
a_Scopa_AUT_21, häufig,manchmal,nie/nicht zutreffend,regelmäßig
a_PDQ_39_8, häufig,immer,manchmal,niemals,selten
a_NPI_A_Schwere, leicht,mäßig
a_NPI_E_Haeufigkeit, häufig,manchmal,sehr häufig,selten
a_AESD_S_13_Eingabe, trifft etwas zu,trifft sehr zu,trifft ziemlich zu
a_PDQ_39_2, häufig,immer,manchmal,niemals,selten
a_Scopa_AUT_11, Katheter,häufig,manchmal,nie/nicht zutreffend,regelmäßig
a_Scopa_AUT_19, häufig,manchmal,nie/nicht zutreffend,regelmäßig
a_CRF_koffeinhaltiger_Tee_aenderungletzten10Jahre, gestiegen,nein
a_SASS_12, immer,meistens,selten
a_AESD_I_14, trifft etwas zu,trifft gar nicht zu,trifft sehr zu,trifft ziemlich zu
a_AESD_S_5_Eingabe, trifft etwas zu,trifft gar nicht zu,trifft sehr zu,trifft ziemlich zu
a_CRF_Familienmitglied_ET_wer, siblings of the mother,sister,son, cousin of his father
a_NPI_K_Belastung, gering,minimal,mäßig,sehr,ziemlich,überhaupt nicht
a_CRF_koffeinhaltiger_Kaffee_aenderung_Gestiegen_reduziert, gestiegen,gesunken,nein
a_CRF_Risikofakt_Pesitizide_Herbizide_kontin_Konfr_landw_Haeufig, 2-5mal pro Jahr,6-11 mal pro Jahr,einml pro Jahr,monatlich oder mehr pro Jahr
a_SPF_10, trifft eher nicht zu,trifft gar nicht zu,trifft sehr gut zu,trifft zu,weder noch
a_BPI_7, ja,weiß nicht
a_CRF_Risikofakt_Pestizide_Herbizide_einmalig_Substanz, In einem Wohnpark als Hausmeister gearbeitet, dort Rasen gesprizt; daraufhin hat sich die Haut von den Füßen gelöst; trotz Schuhen und Socken,nicht bekannt
a_AESD_S_4_Eingabe, trifft etwas zu,trifft gar nicht zu,trifft sehr zu,trifft ziemlich zu
a_Scopa_AUT_26a_welche, Dulcolax,Flohsamen, Einlauf mit warmem Wasser,Magen-Darm-Tropfen,Magnesium,Meda Früchtewürfel, Feigen,Movicol,nicht regelmäßig
a_AESD_I_9, trifft etwas zu,trifft gar nicht zu,trifft sehr zu,trifft ziemlich zu
a_AESD_S_11_Eingabe, trifft etwas zu,trifft gar nicht zu,trifft sehr zu,trifft ziemlich zu
a_AESD_I_11_Eingabe, trifft etwas zu,trifft gar nicht zu,trifft sehr zu,trifft ziemlich zu
a_AIMS_9, fehlend,minimal, mgl. normal
a_SASS_18, mäßig,sehr,wenig
a_Scopa_AUT_16, manchmal,nie/nicht zutreffend
a_Sniffin_Sticks_Identifikation10_welches, Kaffee,Kerzenrauch,Wein,Zigarette
a_CRF_Risikofakt_welche, Clozapin ( Leponex),Dominal,Imap R 1,5mg Injektionen (alle paar Wochen/nach Bedarf) ~2002/2003,Sulpirid seit ~Juni 2011,Thioridazin HCL 25mg 2x1
a_AESD_S_8, trifft etwas zu,trifft gar nicht zu,trifft sehr zu,trifft ziemlich zu
a_Genetik_DJ_1, Ex1-5dupl
a_AESD_I_4, trifft etwas zu,trifft gar nicht zu,trifft sehr zu,trifft ziemlich zu
a_Scopa_AUT_14, häufig,manchmal,nie/nicht zutreffend
a_AESD_I_13, trifft etwas zu,trifft gar nicht zu,trifft sehr zu,trifft ziemlich zu
a_SASS_13, intensiv,mäßig,sehr wenig,überhaupt nicht
a_Genetik_APOE, E2/E2,E2/E3,E2/E4,E3/E3,E3/E4,E4/E4
a_MCI_memory_domain, diese Domäne ist betroffen,diese Domäne ist nicht betroffen
a_PSQI_5j_andere_Gruende, 2-3 x Woche / Abschalten nicht möglich,Blasenschwäche,Druckschmerz li. Knie,Ehepartner schnarcht,Krampf in den Beinen,Lärm,Rippenprellung am 27.08.2010,Schmerzen im LWS-Bereich, Schmerzen im Handgelenk,Schulterschmerzen vom Liegen,Taubheitsgefühl in den Händen mit Nackenschmerzen,Toilettengänge,Ursache  unbekannt,vor der Frühschicht,Ärger und unangenehme Situationen mit Nachbarn
a_NPI_F_Schwere, leicht
a_MCI_language_domain, diese Domäne ist betroffen,diese Domäne ist nicht betroffen
a_AESD_S_1_Eingabe, trifft etwas zu,trifft gar nicht zu,trifft sehr zu,trifft ziemlich zu
a_AESD_I_17_Eingabe, trifft etwas zu,trifft gar nicht zu,trifft sehr zu,trifft ziemlich zu
a_AESD_I_17, trifft etwas zu,trifft gar nicht zu,trifft sehr zu,trifft ziemlich zu
a_AESD_S_10_Eingabe, trifft etwas zu,trifft gar nicht zu,trifft ziemlich zu
a_Scopa_AUT_8, Katheter,häufig,manchmal,nie/nicht zutreffend,regelmäßig
a_MDS_UPDRS_1u002e6a, Caregiver,Patient,patient & caregiver
a_AESD_I_1, trifft etwas zu,trifft gar nicht zu,trifft sehr zu,trifft ziemlich zu
a_PDQ_39_13, häufig,immer,manchmal,niemals,selten
a_PDQ_39_24, häufig,immer,manchmal,niemals,selten
a_PSQI_5h, ein- oder zweimal pro Woche,weniger als einmal pro Woche,während der letzten 4 Wochen gar nicht
a_AESD_S_6, trifft etwas zu,trifft gar nicht zu,trifft sehr zu,trifft ziemlich zu
a_NPI_I_Belastung, gering,minimal,mäßig,sehr,ziemlich,überhaupt nicht
a_PSQI_5f, ein- oder zweimal pro Woche,weniger als einmal pro Woche,während der letzten 4 Wochen gar nicht
a_NPI_H_Haeufigkeit, manchmal,selten
a_SASS_1B, gar nicht,mäßig,sehr,wenig
a_SASS_8, aktiv,gar nicht,mäßig,sehr aktiv
a_PDSS_1, manchmal,niemals,oft,sehr oft,selten
a_ESS_6, geringe Wahrscheinlichkeit einzunicken,hohe Wahrscheinlichkeit einzunicken,mittlere Wahrscheinlichkeit einzunicken,niemals einnicken
a_AESD_S_9_Eingabe, trifft etwas zu,trifft gar nicht zu,trifft sehr zu,trifft ziemlich zu
a_NPI_I_Haeufigkeit, häufig,manchmal,sehr häufig,selten
a_PDQ_39_23, häufig,immer,manchmal,niemals,selten
a_NPI_L_Belastung, gering,minimal,mäßig,sehr,ziemlich,überhaupt nicht
a_Sniffin_Sticks_Identifikation15_welches, Anis,Fichte,Honig,Rum
a_AESD_S_7_Eingabe, trifft etwas zu,trifft gar nicht zu,trifft sehr zu,trifft ziemlich zu
a_AESD_I_15, trifft etwas zu,trifft gar nicht zu,trifft sehr zu,trifft ziemlich zu
a_Scopa_AUT_13, Katheter,häufig,manchmal,nie/nicht zutreffend,regelmäßig
a_Sniffin_Sticks_Identifikation14_welches, Himbeere,Kamille,Kirsche,Rose
a_SASS_19, häufig,immer,manchmal,nie
a_PDSS_10, manchmal,niemals,oft,sehr oft,selten
a_PDSS_6, manchmal,niemals,oft,sehr oft,selten
a_Genetik_APOE_kodiert, E2/E2,E2/E3,E2/E4,E3/E3,E3/E4,E4/E4
a_Genetik_rs11931074_SNP, G/G,G/T,T/T
a_PDQ_39_21, häufig,manchmal,niemals,selten
a_PSQI_9, etwas Probleme,große Probleme,kaum Probleme,keine Probleme
a_AESD_S_11, trifft etwas zu,trifft gar nicht zu,trifft sehr zu,trifft ziemlich zu
a_NPI_K_Schwere, deutlich,leicht,mäßig
a_NPI_I_Schwere, deutlich,leicht,mäßig
a_SASS_9, gut,recht gut,sehr gut,unbefriedigend
a_AESD_I_7_Eingabe, trifft etwas zu,trifft gar nicht zu,trifft sehr zu,trifft ziemlich zu
a_NEVHI_IIIR_1ii_welche, ""als ob ein Vogel durchs Blickfeld flöge"" OP (Grauer Star ca. 2000); nach OP nicht mehr gesehen,1 x als Kind,Bsp.:Baumstumpf erscheint als Mensch (wird nach 1 sek. erkannt); Häufigkeit 1mal pro Woche, Beginn der Erscheinung unklar (circa vor 1 Jahr),Objekt, das vorbei fliegt, jedoch nicht eng umrissen,farbiger Regenbogen im oberen Sehfeld vor ca. 5 Jahren ca. 15 Min. Länge, einmalig (lt. Internetrecherche des Pb. ""Augeninfarkt""-Symptom),vor vor etwa 8-10 J.; im Bild schwarze Punkte im peripheren Blickfeld (Bei Fernsicht)
a_PDSS_11, manchmal,niemals,oft,sehr oft,selten
Geschlecht, männlich,weiblich
a_ESS_3, geringe Wahrscheinlichkeit einzunicken,hohe Wahrscheinlichkeit einzunicken,mittlere Wahrscheinlichkeit einzunicken,niemals einnicken
a_Scopa_AUT_9, Katheter,häufig,manchmal,nie/nicht zutreffend,regelmäßig
a_Sniffin_Sticks_Identifikation11_welches, Melone,Orange,Pfirsich
a_MDS_UPDRS_1a, Patient,patient & caregiver
a_PDSS_14, manchmal,niemals,oft,sehr oft,selten
a_PSQI_10e_andere_Formen_von_Unruhe, Hitzewellen,Kribbeln in der re. Schulter nach Sturzverletzung; Kribbeln durch Arthrose,Nur im Lagewechsel wegen Schmerzen i.LWS+Handgelenk,Träume,Wadenkrämpfe,keine,lebhafte Träume
a_CRF_Risikofakt_Pesitizide_Herbizide_kontin_Konfr_prox_Haeufigk, 2-5mal pro Jahr,monatlich oder mehr pro Jahr
a_SPF_11, trifft eher nicht zu,trifft gar nicht zu,trifft sehr gut zu,trifft zu,weder noch
a_NPI_B_Schwere, leicht
a_ESS_2, geringe Wahrscheinlichkeit einzunicken,hohe Wahrscheinlichkeit einzunicken,mittlere Wahrscheinlichkeit einzunicken,niemals einnicken
a_MCI_attention_working_memory_domain, diese Domäne ist betroffen,diese Domäne ist nicht betroffen
a_AESD_S_2_Eingabe, trifft etwas zu,trifft gar nicht zu,trifft sehr zu,trifft ziemlich zu
a_PDSS_9, manchmal,niemals,oft,sehr oft,selten
a_AESD_I_3_Eingabe, trifft etwas zu,trifft gar nicht zu,trifft sehr zu,trifft ziemlich zu
a_ESS_1, geringe Wahrscheinlichkeit einzunicken,hohe Wahrscheinlichkeit einzunicken,mittlere Wahrscheinlichkeit einzunicken,niemals einnicken
a_AESD_S_9, trifft etwas zu,trifft gar nicht zu,trifft sehr zu,trifft ziemlich zu
a_AESD_I_6, trifft etwas zu,trifft gar nicht zu,trifft sehr zu,trifft ziemlich zu
a_NPI_G_Schwere, deutlich,leicht,mäßig
a_SPF_33, trifft eher nicht zu,trifft gar nicht zu,trifft sehr gut zu,trifft zu,weder noch
a_AESD_S_18, trifft etwas zu,trifft gar nicht zu,trifft sehr zu,trifft ziemlich zu